key,organisation,assertion,link,key:user-account
chef-01,Test organisation,Test assertion,https://acme.com,user-account-chef-01
chef-02,"!""#$%&'()*+-./0123456789:;<=>?@ABCDEFGHIJKLMNOPQRSTUVWXYZ[\]^_`abcdefghijklmnopqrstuvwxyz{|}~",Test assertion,https://acme.com,user-account-chef-02
chef-03,¡¢£¤¥¦§¨©ª«¬­®¯°±²³´µ¶·¸¹º»¼½¾¿ÀÁÂÃÄÅÆÇÈÉÊËÌÍÎÏÐÑÒÓÔÕÖ×ØÙÚÛÜÝÞßàáâãäåæçèéêëìíîïðñòóôõö÷øùúûüýþÿ,Test assertion,https://acme.com,user-account-chef-03
chef-04,This text contains 100 letters exactly for testing purposes I could also use the lorem ipsum to test,Test assertion,https://acme.com,user-account-chef-04
chef-05,Test organisation,"!""#$%&'()*+-./0123456789:;<=>?@ABCDEFGHIJKLMNOPQRSTUVWXYZ[\]^_`abcdefghijklmnopqrstuvwxyz{|}~¡¢£¤¥¦§¨©ª«¬­®¯°±²³´µ¶·¸¹º»¼½¾¿ÀÁÂÃÄÅÆÇÈÉÊËÌÍÎÏÐÑÒÓÔÕÖ×ØÙÚÛÜÝÞßàáâãäåæçèéêëìíîïðñòóôõö÷øùúûüýþÿ",https://acme.com,user-account-chef-05
chef-06,Test organisation,This text contains 255 letters exactly for testing purposes I could also use the lorem ipsum to test. Lorem ipsum dolor sit amet; consectetur adipiscing elit; sed do eiusmod tempor incididunt ut labore et dolore magna aliqua. This is 30 more to pad it out,https://acme.com,user-account-chef-06
chef-07,Test organisation,Test assertion,null,user-account-chef-07
chef-08,Test organisation,Test assertion,http://acme.com/xy,user-account-chef-08
chef-09,Test organisation,Test assertion,http://acme.com/x?y,user-account-chef-09
chef-10,Test organisation,Test assertion,http://acme.com/x/y,user-account-chef-10
chef-11,Test organisation,Test assertion,http://x.y/z?w&v,user-account-chef-11
chef-12,Test organisation,Test assertion,ftp://recipes:user@acme.com,user-account-chef-12
chef-13,Parsley Lovers,I love parsley!,https://parsleylovers.co.uk/user?id=1,user-account-chef-13
